{
  "accuracy": 0.8497652582159625,
  "precision_macro": 0.8497881355932203,
  "recall_macro": 0.8476714029215525,
  "f1_macro": 0.8484954571976326,
  "precision_weighted": 0.8497722208959974,
  "recall_weighted": 0.8497652582159625,
  "f1_weighted": 0.8495373452126724,
  "per_class": {
    "safe": {
      "precision": 0.8495762711864406,
      "recall": 0.8755458515283843,
      "f1": 0.8623655913978494,
      "support": 458
    },
    "unsafe": {
      "precision": 0.85,
      "recall": 0.8197969543147208,
      "f1": 0.834625322997416,
      "support": 394
    }
  },
  "confusion_matrix": [
    [
      401,
      57
    ],
    [
      71,
      323
    ]
  ],
  "classification_report": {
    "safe": {
      "precision": 0.8495762711864406,
      "recall": 0.8755458515283843,
      "f1-score": 0.8623655913978494,
      "support": 458.0
    },
    "unsafe": {
      "precision": 0.85,
      "recall": 0.8197969543147208,
      "f1-score": 0.834625322997416,
      "support": 394.0
    },
    "accuracy": 0.8497652582159625,
    "macro avg": {
      "precision": 0.8497881355932203,
      "recall": 0.8476714029215525,
      "f1-score": 0.8484954571976326,
      "support": 852.0
    },
    "weighted avg": {
      "precision": 0.8497722208959974,
      "recall": 0.8497652582159625,
      "f1-score": 0.8495373452126724,
      "support": 852.0
    }
  }
}