{
  "accuracy": 0.8544600938967136,
  "precision_macro": 0.8543611451487134,
  "recall_macro": 0.8525702125773059,
  "f1_macro": 0.8532927479559189,
  "precision_weighted": 0.8544331078745317,
  "recall_weighted": 0.8544600938967136,
  "f1_weighted": 0.8542757761165882,
  "per_class": {
    "safe": {
      "precision": 0.8553191489361702,
      "recall": 0.8777292576419214,
      "f1": 0.8663793103448276,
      "support": 458
    },
    "unsafe": {
      "precision": 0.8534031413612565,
      "recall": 0.8274111675126904,
      "f1": 0.8402061855670103,
      "support": 394
    }
  },
  "confusion_matrix": [
    [
      402,
      56
    ],
    [
      68,
      326
    ]
  ],
  "classification_report": {
    "safe": {
      "precision": 0.8553191489361702,
      "recall": 0.8777292576419214,
      "f1-score": 0.8663793103448276,
      "support": 458.0
    },
    "unsafe": {
      "precision": 0.8534031413612565,
      "recall": 0.8274111675126904,
      "f1-score": 0.8402061855670103,
      "support": 394.0
    },
    "accuracy": 0.8544600938967136,
    "macro avg": {
      "precision": 0.8543611451487134,
      "recall": 0.8525702125773059,
      "f1-score": 0.8532927479559189,
      "support": 852.0
    },
    "weighted avg": {
      "precision": 0.8544331078745317,
      "recall": 0.8544600938967136,
      "f1-score": 0.8542757761165882,
      "support": 852.0
    }
  }
}