{
  "accuracy": 0.8650234741784038,
  "precision_macro": 0.8643000881438241,
  "recall_macro": 0.8641688648504866,
  "f1_macro": 0.8642332671450881,
  "precision_weighted": 0.8650015533894772,
  "recall_weighted": 0.8650234741784038,
  "f1_weighted": 0.865011317147122,
  "per_class": {
    "safe": {
      "precision": 0.8736383442265795,
      "recall": 0.8755458515283843,
      "f1": 0.8745910577971646,
      "support": 458
    },
    "unsafe": {
      "precision": 0.8549618320610687,
      "recall": 0.8527918781725888,
      "f1": 0.8538754764930114,
      "support": 394
    }
  },
  "confusion_matrix": [
    [
      401,
      57
    ],
    [
      58,
      336
    ]
  ],
  "classification_report": {
    "safe": {
      "precision": 0.8736383442265795,
      "recall": 0.8755458515283843,
      "f1-score": 0.8745910577971646,
      "support": 458.0
    },
    "unsafe": {
      "precision": 0.8549618320610687,
      "recall": 0.8527918781725888,
      "f1-score": 0.8538754764930114,
      "support": 394.0
    },
    "accuracy": 0.8650234741784038,
    "macro avg": {
      "precision": 0.8643000881438241,
      "recall": 0.8641688648504866,
      "f1-score": 0.8642332671450881,
      "support": 852.0
    },
    "weighted avg": {
      "precision": 0.8650015533894772,
      "recall": 0.8650234741784038,
      "f1-score": 0.865011317147122,
      "support": 852.0
    }
  }
}