{
  "accuracy": 0.8685446009389671,
  "precision_macro": 0.8678904170363798,
  "recall_macro": 0.8676213064970186,
  "f1_macro": 0.8677510020123401,
  "precision_weighted": 0.8685061195329326,
  "recall_weighted": 0.8685446009389671,
  "f1_weighted": 0.8685205524866452,
  "per_class": {
    "safe": {
      "precision": 0.8760869565217392,
      "recall": 0.8799126637554585,
      "f1": 0.8779956427015251,
      "support": 458
    },
    "unsafe": {
      "precision": 0.8596938775510204,
      "recall": 0.8553299492385786,
      "f1": 0.8575063613231552,
      "support": 394
    }
  },
  "confusion_matrix": [
    [
      403,
      55
    ],
    [
      57,
      337
    ]
  ],
  "classification_report": {
    "safe": {
      "precision": 0.8760869565217392,
      "recall": 0.8799126637554585,
      "f1-score": 0.8779956427015251,
      "support": 458.0
    },
    "unsafe": {
      "precision": 0.8596938775510204,
      "recall": 0.8553299492385786,
      "f1-score": 0.8575063613231552,
      "support": 394.0
    },
    "accuracy": 0.8685446009389671,
    "macro avg": {
      "precision": 0.8678904170363798,
      "recall": 0.8676213064970186,
      "f1-score": 0.8677510020123401,
      "support": 852.0
    },
    "weighted avg": {
      "precision": 0.8685061195329326,
      "recall": 0.8685446009389671,
      "f1-score": 0.8685205524866452,
      "support": 852.0
    }
  }
}